"Page","Index","Src","Alt"
"project-air-force-academy","0","../images/air-force-academy-eagle-sculpture-installation-with-archway-letsuan-design.jpg","R.O.C. Air Force Academy 90th Founding Anniversary — Eagle sculpture installation with archway feature wall"
"project-air-force-academy","1","../images/air-force-academy-feature-wall-archway-with-eagle-sculptures-letsuan-design.jpg","Feature wall archway with eagle sculptures and timeline panel"
"project-air-force-academy","2","../images/air-force-academy-cockpit-simulator-interactive-exhibit-letsuan-design.jpg","Cockpit simulator interactive exhibit"
"project-air-force-academy","3","../images/air-force-academy-overhead-view-of-exhibition-zone-layout-letsuan-design.jpg","Overhead view of exhibition zone layout"
"project-air-force-academy","4","../images/air-force-academy-roc-air-force-academy-feature-wall-letsuan-design.jpg","R.O.C. Air Force Academy feature wall with orange lighting"
"project-air-force-academy","5","../images/air-force-academy-visitors-viewing-history-timeline-wall-letsuan-design.jpg","Visitors viewing history timeline wall"
"project-air-force-academy","6","../images/air-force-academy-eagle-sculptures-being-transported-to-site-letsuan-design.jpg","Eagle sculptures being transported to site"
"project-air-force-academy","7","../images/air-force-academy-construction-team-installing-archway-feature-letsuan-design.jpg","Construction team installing archway feature wall"
"project-amazing-homeland","0","../images/amazing-homeland-indigenous-garment-display-wall-with-hanging-letsuan-design.jpg","Amazing Homeland — Indigenous garment display wall with hanging textiles"
"project-amazing-homeland","1","../images/amazing-homeland-glass-display-corridor-with-archaeological-letsuan-design.jpg","Glass display corridor with archaeological artifacts"
"project-amazing-homeland","2","../images/amazing-homeland-wood-carving-and-textile-artifact-display-letsuan-design.jpg","Wood carving and textile artifact display shelves"
"project-amazing-homeland","3","../images/amazing-homeland-museum-corridor-woven-basket-displays-visitors-letsuan-design.jpg","Museum corridor with woven baskets and vessels on wall-mounted shelving, visitors viewing glass display cases and information panels"
"project-art-gallery-culture","0","../images/art-gallery-culture-ministry-of-culture-exhibition-ceiling-letsuan-design.jpg","See the Ministry of Culture — Ministry of Culture exhibition ceiling and wall detail"
"project-art-gallery-culture","1","../images/art-gallery-culture-curved-display-case-with-ceramic-artifacts-letsuan-design.jpg","Curved display case with ceramic artifacts and interactive panels"
"project-art-gallery-culture","2","../images/art-gallery-culture-publications-and-book-exhibition-folded-wall-letsuan-design.jpg","Publications and book exhibition folded wall panels"
"project-art-gallery-culture","3","../images/art-gallery-culture-literature-and-book-exhibition-wall-detail-letsuan-design.jpg","Literature and book exhibition wall detail"
"project-art-gallery-culture","4","../images/art-gallery-culture-digital-culture-interactive-display-wall-letsuan-design.jpg","Digital culture interactive display wall"
"project-art-gallery-culture","5","../images/art-gallery-culture-display-case-with-cultural-artifacts-letsuan-design.jpg","Display case with cultural artifacts and laptop station"
"project-art-gallery-culture","6","../images/art-gallery-culture-exhibition-hall-overview-with-wall-panels-letsuan-design.jpg","Exhibition hall overview with wall panels and display cases"
"project-asian-art-biennial","0","../images/asian-art-biennial-i-love-taiwan-zhuyin-entrance-sign-letsuan-design.jpg","The Lawn Needed More Protection Than the Artwork Did — Illuminated Zhuyin phonetic symbols spelling out 'I LOVE TAIWAN' at the National Taiwan Museum of Fine Arts entrance at night, part of the 2013 Asian Art Biennial"
"project-asian-art-biennial","1","../images/asian-art-biennial-02-letsuan-design.jpg","Illuminated Zhuyin phonetic symbols spelling 'I LOVE TAIWAN' on the museum lawn at night, with the National Taiwan Museum of Fine Arts building and 2013 Asian Art Biennial banner behind"
"project-asian-art-biennial","2","../images/asian-art-biennial-love-taiwan-led-light-installation-on-lawn-letsuan-design.jpg","Illuminated LED light installation spelling 'I Love Taiwan' in Zhuyin phonetic script on the lawn at night"
"project-asian-art-biennial","3","../images/asian-art-biennial-03-letsuan-design.jpg","Construction process: a worker hand-digs a shallow cable trench (left) while light-box materials are laid out on the lawn (right), avoiding heavy machinery to protect the grass"
"project-asian-art-biennial","4","../images/asian-art-biennial-04-letsuan-design.jpg","Steel post frames and coiled cabling for the light-box installations laid out on the museum lawn before assembly"
"project-beyond-just-an-exhibition","0","../images/beyond-exhibition-visitors-interacting-with-pulsating-valley-letsuan-design.jpg","Beyond Just an Exhibition–You Are Part of the Art! — Visitors interacting with Pulsating Valley floor projection among sunflowers"
"project-beyond-just-an-exhibition","1","../images/beyond-exhibition-sketch-flight-starry-sky-with-hand-drawn-letsuan-design.jpg","Sketch Flight starry sky with hand-drawn birds and airplanes"
"project-beyond-just-an-exhibition","2","../images/beyond-exhibition-visitors-photographing-immersive-floral-letsuan-design.jpg","Visitors photographing immersive floral projection walls"
"project-beyond-just-an-exhibition","3","../images/beyond-exhibition-bouncing-valley-inflatable-light-ball-letsuan-design.jpg","Bouncing Valley inflatable light-ball installation"
"project-beyond-just-an-exhibition","4","../images/beyond-exhibition-child-and-parent-interacting-letsuan-design.jpg","Child and parent interacting with A Table Where Little People Live"
"project-beyond-just-an-exhibition","5","../images/beyond-exhibition-immersive-floral-wall-projection-with-letsuan-design.jpg","Immersive floral wall projection with visitors"
"project-beyond-just-an-exhibition","6","../images/beyond-exhibition-rainbow-and-world-map-immersive-wall-letsuan-design.jpg","Rainbow and world map immersive wall with visitor workstations"
"project-beyond-just-an-exhibition","7","../images/beyond-exhibition-sunflower-field-immersive-room-with-visitors-letsuan-design.jpg","Sunflower Field immersive room with visitors"
"project-beyond-just-an-exhibition","8","../images/beyond-exhibition-grid-patterned-immersive-corridor-with-letsuan-design.jpg","Grid-patterned immersive corridor with visitors"
"project-beyond-just-an-exhibition","9","../images/beyond-exhibition-ceiling-truss-with-projectors-and-blending-letsuan-design.jpg","Ceiling truss with projectors and blending processors during construction"
"project-cat-art","0","../images/cat-art-dream-painting-cat-parody-with-visitor-letsuan-design.jpg","Cat Art Museum — Visitor viewing a gold-framed cat parody reinterpretation of Picasso's The Dream painting"
"project-cat-art","1","../images/cat-art-starry-night-mural-reinterpreted-with-cat-letsuan-design.jpg","Starry Night mural reinterpreted with cat motifs"
"project-cat-art","2","../images/cat-art-gallery-corridor-with-cat-themed-letsuan-design.jpg","Gallery corridor with cat-themed reinterpretations of classical portraits"
"project-cat-art","3","../images/cat-art-yellow-gallery-corridor-with-renoir-style-cat-letsuan-design.jpg","Yellow gallery corridor with Renoir-style cat paintings"
"project-cat-art","4","../images/cat-art-yellow-and-pink-gallery-corridor-letsuan-design.jpg","Yellow and pink gallery corridor with framed cat artworks"
"project-cat-art","5","../images/cat-art-purple-gallery-corridor-with-framed-cat-letsuan-design.jpg","Purple gallery corridor with framed cat artworks"
"project-cat-art","6","../images/cat-art-mona-lisa-cat-scene-with-visitor-letsuan-design.jpg","Mona Lisa cat scene with visitor seated at desk"
"project-cat-art","7","../images/cat-art-sculpted-cat-figures-recreating-sunday-letsuan-design.jpg","Sculpted cat figures recreating Sunday Afternoon painting scene"
"project-cat-art","8","../images/cat-art-mondrian-style-geometric-display-installation-letsuan-design.jpg","Mondrian-style geometric display installation"
"project-cat-art","9","../images/cat-art-sculpted-cat-figures-in-green-park-letsuan-design.jpg","Sculpted cat figures in green park scene with umbrellas"
"project-cat-art","10","../images/cat-art-cat-themed-gallery-room-with-sculpted-cat-letsuan-design.jpg","Cat-themed gallery room with sculpted cat figure and framed artworks"
"project-changhua-flower","0","../images/changhua-flower-orsted-pavilion-curved-feature-wall-letsuan-design.jpg","Points of Light in Grayscale: Turning an Odd-Shaped Plot into a Destination — Ørsted Pavilion curved feature wall with wind turbines and ocean mural at dusk"
"project-changhua-flower","1","../images/changhua-flower-xizhou-park-pathway-with-concrete-planters-letsuan-design.jpg","Xizhou Park pathway with concrete planters and glass building"
"project-changhua-flower","2","../images/changhua-flower-orsted-pavilion-feature-wall-among-flower-letsuan-design.jpg","Ørsted Pavilion feature wall among flower beds at sunset"
"project-changhua-flower","3","../images/changhua-flower-qr-code-signage-post-among-flower-letsuan-design.jpg","QR code signage post among flower beds"
"project-changhua-flower","4","../images/changhua-flower-child-flying-a-kite-in-front-letsuan-design.jpg","Child flying a kite in front of Ørsted feature wall"
"project-changhua-flower","5","../images/changhua-flower-zodiac-rabbit-cutout-signage-among-flower-letsuan-design.jpg","Zodiac rabbit cutout signage among flower beds"
"project-changhua-flower","6","../images/changhua-flower-orsted-branding-sign-with-clownfish-cutout-letsuan-design.jpg","Ørsted branding sign with clownfish cutout among plants"
"project-detective-conan-taipei","0","../images/detective-conan-taipei-01-letsuan-design.jpg","Detective Conan — Child visitor wearing a cap and headset leaning over crime-scene tape to inspect a clue with a magnifying pencil"
"project-detective-conan-taipei","1","../images/detective-conan-kaohsiung-05-letsuan-design-e3ab27a2.jpg","Numbered clue board wall showing crime-scene evidence cards such as a Baumkuchen cake and a fruit knife"
"project-detective-conan-taipei","2","../images/detective-conan-taipei-02-letsuan-design.jpg","Keyhole-shaped zone signage for the Information-gathering and Crime Scene Inspection areas, with visitors browsing"
"project-detective-conan-taipei","3","../images/detective-conan-taipei-03-letsuan-design.jpg","Visitors holding magnifying-glass card props behind crime-scene tape, investigating a chalk body outline and evidence desk"
"project-detective-conan-taipei","4","../images/detective-conan-taipei-04-letsuan-design.jpg","Recreated study scene with a life-size Conan cutout, bookshelves, evidence desk and numbered chalk body outline clues"
"project-detective-conan-taipei","5","../images/detective-conan-kaohsiung-04-letsuan-design-bd5d63d1.jpg","Detective Conan Kaohsiung interactive device"
"project-detective-conan-taipei","6","../images/detective-conan-kaohsiung-mystery-cafe-information-gathering-station-letsuan-design.png","Visitors investigating clues at a mystery cafe information-gathering station with a life-sized character cutout"
"project-detective-conan-taipei","7","../images/detective-conan-taipei-06-letsuan-design.jpg","Recreated Cafe Poirot dining room set with tables, chairs and shelves of dishware"
"project-detective-conan-taipei","8","../images/detective-conan-taipei-05-letsuan-design.jpg","Interrogation-room-style set with leather sofas, a desk with laptop, and large red Chinese character banners on the wall"
"project-detective-conan-taipei","9","../images/detective-conan-kaohsiung-03-letsuan-design-b739cea2.jpg","Blue UV-lit interactive investigation booth with touchscreens asking 'What is the red stain really?' beside character cutouts"
"project-detective-conan-taipei","10","../images/detective-conan-taipei-16-letsuan-design.jpg","Visitor using a UV flashlight to reveal a fingerprint clue on a wine bottle prop"
"project-detective-conan-taipei","11","../images/detective-conan-taipei-08-letsuan-design.jpg","Three visitors pointing at an interactive touchscreen analyzing the true nature of a red stain"
"project-detective-conan-taipei","12","../images/detective-conan-taipei-09-letsuan-design.jpg","Character standee wall with Conan and cast dialogue speech bubbles about the exhibition mystery"
"project-detective-conan-taipei","13","../images/detective-conan-taipei-10-letsuan-design.jpg","Conan and a blond-haired character figure statue wearing white gloves, displayed behind keep-out tape"
"project-detective-conan-taipei","14","../images/detective-conan-kaohsiung-02-letsuan-design-d8aed0bb.jpg","Split before/after view: dim empty venue shell and workers on a scissor lift installing the city-skyline backdrop graphic"
"project-detective-conan-taipei","15","../images/detective-conan-taipei-11-letsuan-design.jpg","Wall of enlarged manga panel montages from the Detective Conan story"
"project-detective-conan-taipei","16","../images/detective-conan-taipei-12-letsuan-design.jpg","Installation in progress: worker on a stepladder assembling modular wall panels in the unlit venue shell"
"project-detective-conan-taipei","17","../images/detective-conan-taipei-13-letsuan-design.jpg","Installation in progress: crew laying out and cutting plywood wall panels across the venue floor"
"project-detective-conan-taipei","18","../images/detective-conan-taipei-14-letsuan-design.jpg","Installation in progress: crew assembling concrete-look wall modules and stacking plywood panels"
"project-detective-conan-taipei","19","../images/detective-conan-taipei-15-letsuan-design.jpg","Final installation touch-ups: worker finishing an interactive touchscreen station wall amid supply boxes"
"project-detention-pier2","0","../images/detention-pier2-detention-reality-experience-metal-wall-letsuan-design.jpg","Detention Reality Experience metal wall texture with lighting detail"
"project-detention-pier2","1","../images/detention-pier2-hospital-bed-scene-with-eye-chart-letsuan-design.jpg","Hospital bed scene with eye chart light box"
"project-detention-pier2","2","../images/detention-pier2-recreated-office-desk-with-green-bankers-letsuan-design.jpg","Recreated office desk with green banker's lamp and rotary phone"
"project-detention-pier2","3","../images/detention-pier2-dark-corridor-with-double-doors-letsuan-design.jpg","Dark corridor with double doors and torn paper on walls"
"project-detention-pier2","4","../images/detention-pier2-recreated-bathroom-sink-area-with-dripping-letsuan-design.jpg","Recreated bathroom sink area with dripping faucets and graffiti mirror"
"project-detention-pier2","5","../images/detention-pier2-guard-walking-down-corridor-lined-letsuan-design.jpg","Guard walking down corridor lined with hanging puppets and lantern"
"project-detention-pier2","6","../images/detention-pier2-ceiling-of-hanging-traditional-puppets-letsuan-design.jpg","Ceiling of hanging traditional puppets and red lantern"
"project-detention-pier2","7","../images/detention-pier2-museum-style-display-case-with-cultural-letsuan-design.jpg","Museum-style display case with cultural artifacts"
"project-detention-pier2","8","../images/detention-pier2-rusted-cell-door-latch-detail-letsuan-design.jpg","Rusted cell door latch detail"
"project-detention-pier2","9","../images/detention-pier2-iron-shackles-hanging-on-concrete-wall-letsuan-design.jpg","Iron shackles hanging on concrete wall"
"project-detention-pier2","10","../images/detention-pier2-recreated-prison-guard-room-with-desk-letsuan-design.jpg","Recreated prison guard room with desk lamp and radio"
"project-detention-pier2","11","../images/detention-pier2-visitors-watching-projection-screen-inside-letsuan-design.jpg","Visitors watching projection screen inside dark exhibit room"
"project-detention-pier2","12","../images/detention-pier2-red-exhibition-wall-introducing-the-detention-letsuan-design.jpg","Red exhibition wall introducing the Detention game story with character art"
"project-detention-pier2","13","../images/detention-pier2-red-history-timeline-wall-with-display-letsuan-design.jpg","Red history timeline wall with display cases"
"project-detention-pier2","14","../images/detention-reality-experience-songshan-01-letsuan-design.jpg","Detention Pier2 mask scene"
"project-detention-pier2","15","../images/detention-reality-experience-songshan-02-letsuan-design.jpg","Detention Pier2 signage"
"project-detention-pier2","16","../images/detention-reality-experience-songshan-03-letsuan-design.jpg","Detention Pier2 immersive scene wide view"
"project-dragon-to-beast","0","../images/dragon-to-beast-sauropod-skeletons-being-installed-in-outdoor-letsuan-design.jpg","From Dragon to Beast — Sauropod skeletons being installed in outdoor courtyard"
"project-dragon-to-beast","1","../images/dragon-to-beast-large-sauropod-skeleton-display-with-feature-letsuan-design.jpg","Large sauropod skeleton display with feature walls"
"project-dragon-to-beast","2","../images/dragon-to-beast-dinosaur-skeleton-exhibit-zone-with-map-letsuan-design.jpg","Dinosaur skeleton exhibit zone with map display"
"project-dragon-to-beast","3","../images/dragon-to-beast-origin-development-mammals-entrance-letsuan-design.jpg","Visitor photographing a small mammal skeleton display at the Origin and Development of Mammals exhibit entrance"
"project-dragon-to-beast","4","../images/dragon-to-beast-orange-exhibition-hall-illuminated-pathway-visitors-letsuan-design.png","Visitors walking through orange-toned exhibition hall with illuminated floor pathways and skeleton display cases"
"project-dragon-to-beast","5","../images/dragon-to-beast-exhibition-zone-with-colorful-feature-walls-letsuan-design.jpg","Exhibition zone with colorful feature walls and fossil display cases"
"project-dragon-to-beast","6","../images/dragon-to-beast-carnivora-skeleton-display-corner-letsuan-design.jpg","Carnivora exhibition corner with orange walls displaying carnivore mammal skeletons and skulls in illuminated glass cases"
"project-dragon-to-beast","7","../images/dragon-to-beast-african-mammal-exhibition-zone-with-skeleton-letsuan-design.jpg","African mammal exhibition zone with skeleton displays"
"project-dragon-to-beast","8","../images/dragon-to-beast-row-of-large-skull-fossils-letsuan-design.jpg","Row of large skull fossils in glass display case"
"project-dragon-to-beast","9","../images/dragon-to-beast-prehistoric-mammal-skeleton-diorama-letsuan-design.jpg","Prehistoric mammal skeleton mounts displayed against a painted savanna backdrop"
"project-dragon-to-beast","10","../images/dragon-to-beast-skeleton-display-case-with-rhino-letsuan-design.jpg","Skeleton display case with rhino and mammal fossils"
"project-dragon-to-beast","11","../images/dragon-to-beast-rhinoceros-giraffe-skeleton-gallery-letsuan-design.jpg","White rhinoceros and giraffe skeleton mounts on display, with the adjoining gallery visible beyond"
"project-dragon-to-beast","12","../images/dragon-to-beast-mammal-skull-fossil-display-shelves-letsuan-design.jpg","Rows of mammal skull and jawbone fossils displayed on illuminated shelves and in a glass case"
"project-dragon-to-beast","13","../images/dragon-to-beast-whale-skeletons-suspended-above-display-cases-letsuan-design.jpg","Whale skeletons suspended above display cases"
"project-dragon-to-beast","14","../images/dragon-to-beast-mammal-fossil-gallery-with-illustrated-letsuan-design.jpg","Mammal fossil gallery with illustrated backdrop panels"
"project-engineering-construction","0","../images/engineering-construction-circular-exhibition-hall-with-central-planter-letsuan-design.jpg","Disaster Prevention Hall — Circular exhibition hall with central planter and panel walls"
"project-engineering-construction","1","../images/engineering-construction-central-bamboo-planter-feature-with-letsuan-design.jpg","Central bamboo planter feature with surrounding display panels"
"project-engineering-construction","2","../images/engineering-construction-flood-myth-wall-panel-with-wave-textured-letsuan-design.jpg","Flood myth wall panel with wave-textured relief"
"project-engineering-construction","3","../images/engineering-construction-flood-exhibit-corridor-with-projection-letsuan-design.jpg","Flood exhibit corridor with projection and glass display case"
"project-engineering-construction","4","../images/engineering-construction-column-display-with-glass-leaf-sculptures-letsuan-design.jpg","Column display with glass leaf sculptures and disaster panels"
"project-engineering-construction","5","../images/engineering-construction-curved-wall-with-flood-control-image-letsuan-design.jpg","Curved wall with flood control image panels and Taiwan map graphic"
"project-engineering-construction","6","../images/engineering-construction-water-conservation-exhibit-panels-with-letsuan-design.jpg","Water conservation exhibit panels with circular display windows"
"project-fullchamp-brochure","0","../images/fullchamp-brochure-fullchamp-forged-metal-solutions-brochure-letsuan-design.jpg","FullChamp Forged Metal Solutions brochure cover with truck imagery"
"project-fullchamp-brochure","1","../images/fullchamp-brochure-brochure-spread-showing-12000-ton-metal-letsuan-design.jpg","Brochure spread showing 12000-ton metal forging press facility"
"project-fullchamp-brochure","2","../images/fullchamp-brochure-brochure-spread-with-quality-guarantee-letsuan-design.jpg","Brochure spread with quality guarantee and forging process robot imagery"
"project-green-energy","0","../images/green-energy-vision-pavilion-tiered-concrete-planter-wall-letsuan-design.jpg","Wind, and Geothermal Energy Converge in a Single Pavilion — Tiered concrete planter wall with cascading greenery at the Green Energy Vision Pavilion entrance"
"project-green-energy","1","../images/green-energy-vision-pavilion-10-letsuan-design.jpg","Entrance signage reading '台泥綠能願景館' (TCCGE Green Energy Vision Pavilion) with TCCGE and TCC logos"
"project-green-energy","2","../images/green-energy-vision-pavilion-11-letsuan-design.jpg","Projected animation display beside a plaque explaining the meaning of the TCC Green Energy logo"
"project-green-energy","3","../images/green-energy-vision-pavilion-03-letsuan-design.jpg","DC/AC current and wind power educational corridor with interactive touch panels at the Green Energy Vision Pavilion"
"project-green-energy","4","../images/green-energy-vision-pavilion-01-letsuan-design.jpg","Timeline wall with interactive touch panels tracing the history of electricity from the 19th to 21st century"
"project-green-energy","5","../images/green-energy-vision-pavilion-02-letsuan-design.jpg","Illuminated display panels explaining household electricity use and energy-saving tips"
"project-green-energy","6","../images/green-energy-vision-pavilion-13-letsuan-design.jpg","Illustrated wind turbine cutout display comparing a 508-meter turbine height against the Taipei 101 skyline"
"project-green-energy","7","../images/green-energy-vision-pavilion-07-letsuan-design.jpg","Cross-section model of a wind turbine nacelle with numbered labels showing internal mechanical components"
"project-green-energy","8","../images/green-energy-vision-pavilion-visitor-viewing-solar-energy-zone-letsuan-design.jpg","Visitor viewing the Solar Energy exhibit zone, with solar panel samples and a wind turbine video screen"
"project-green-energy","9","../images/green-energy-vision-pavilion-06-letsuan-design.jpg","Visitors touring the Geothermal Energy exhibit zone with a guide explaining the display"
"project-green-energy","10","../images/green-energy-vision-pavilion-12-letsuan-design.jpg","Visitors gathered around an interactive solar power information display at Green Energy Vision Pavilion"
"project-green-energy","11","../images/green-energy-vision-pavilion-08-letsuan-design.jpg","Installation crew mounting display graphics and panels during construction of the exhibit corridor"
"project-hakka-culture","0","../images/hakka-culture-entrance-feature-wall-with-tree-cutout-letsuan-design.jpg","Enriching Hakka Settlements — Entrance feature wall with tree cutout graphic and exhibition title"
"project-hakka-culture","1","../images/hakka-culture-projection-screen-showing-archival-camphor-letsuan-design.jpg","Projection screen showing archival camphor industry photograph"
"project-hakka-culture","2","../images/hakka-culture-camphor-tree-branch-display-with-wood-letsuan-design.jpg","Camphor tree branch display with wood carving artifact showcase"
"project-hakka-culture","3","../images/hakka-culture-gallery-corridor-with-tree-branch-display-letsuan-design.jpg","Gallery corridor with tree branch display and photo panels"
"project-hakka-culture","4","../images/hakka-culture-exhibition-02-letsuan-design.jpg","Hakka Culture Development Center closing view"
"project-jehol-biota","0","../images/jehol-biota-exhibition-01-letsuan-design.jpg","Opening Day, and Not One of the 93 Fossils Could Be Late — Jehol Biota exhibition case with bird fossil specimens and illustrations"
"project-jehol-biota","1","../images/jehol-biota-exhibition-02-letsuan-design.jpg","Jehol Biota exhibition wall on pterosaur skeleton structures"
"project-jehol-biota","2","../images/jehol-biota-exhibition-03-letsuan-design.jpg","Jehol Biota exhibition corridor with fossil display panels"
"project-jehol-biota","3","../images/jehol-biota-exhibition-04-letsuan-design.jpg","Curator installing a fossil specimen into a display case at Jehol Biota exhibition"
"project-jehol-biota","4","../images/jehol-biota-exhibition-05-letsuan-design.jpg","Jehol Biota exhibition entrance wall with fossil display cases"
"project-jehol-biota","5","../images/jehol-biota-exhibition-06-letsuan-design.jpg","Jehol Biota exhibition map wall showing fossil site locations"
"project-jehol-biota","6","../images/jehol-biota-exhibition-07-letsuan-design.jpg","Jehol Biota exhibition display with red cabinet and bird artwork"
"project-jehol-biota","7","../images/jehol-biota-exhibition-08-letsuan-design.jpg","Jehol Biota exhibition gallery room with fossil display cases"
"project-jehol-biota","8","../images/jehol-biota-exhibition-09-letsuan-design.jpg","Jehol Biota exhibition fossil display case detail"
"project-jehol-biota","9","../images/jehol-biota-exhibition-10-letsuan-design.jpg","Jehol Biota exhibition wall on fossil biota formation and importance"
"project-jehol-biota","10","../images/jehol-biota-exhibition-11-letsuan-design.jpg","Painter finishing the Jehol Biota entrance wall mural during installation"
"project-jehol-biota","11","../images/jehol-biota-exhibition-12-letsuan-design.jpg","Exhibition hall under construction ahead of the Jehol Biota opening"
"project-just-only-environment","0","../images/just-only-environment-paper-pulp-mold-technology-brochure-cover-letsuan-design.jpg","Just Only — Paper Pulp Mold Technology brochure cover with folded panel detail"
"project-just-only-environment","1","../images/just-only-environment-brochure-spread-showing-inspection-reports-letsuan-design.jpg","Brochure spread showing inspection reports and manufacturing process"
"project-just-only-environment","2","../images/just-only-environment-brochure-spread-showing-paper-pulp-mold-letsuan-design.jpg","Brochure spread showing paper pulp mold tableware product catalog"
"project-just-only-environment","3","../images/just-only-environment-brochure-back-cover-with-blue-gradient-letsuan-design.jpg","Brochure back cover with blue gradient and Paper Pulp Mold Tableware branding"
"project-just-only-environment","4","../images/just-only-environment-brochure-spread-showing-patterned-paper-pulp-letsuan-design.jpg","Brochure spread showing patterned paper pulp plates and bowls"
"project-la-fortuna-bordada","0","../images/la-fortuna-bordada-exhibition-banner-museo-entrance-letsuan-design.jpg","La Fortuna Bordada exhibition banner at the Museo Nacional de Artes Decorativas entrance"
"project-la-fortuna-bordada","1","../images/la-fortuna-bordada-gallery-display-cases-embroidered-accessories-letsuan-design.jpg","La Fortuna Bordada gallery with display cases of embroidered accessories"
"project-la-fortuna-bordada","2","../images/la-fortuna-bordada-gallery-corridor-embroidered-garment-panels-letsuan-design.jpg","La Fortuna Bordada gallery corridor with embroidered garment panels"
"project-la-fortuna-bordada","3","../images/la-fortuna-bordada-display-case-embroidered-headwear-accessories-letsuan-design.jpg","La Fortuna Bordada display case with embroidered headwear and accessories"
"project-la-fortuna-bordada","4","../images/la-fortuna-bordada-framed-embroidery-panels-through-archway-letsuan-design.jpg","La Fortuna Bordada framed embroidery panels seen through an archway"
"project-la-fortuna-bordada","5","../images/la-fortuna-bordada-curators-inspecting-embroidered-artifacts-letsuan-design.jpg","La Fortuna Bordada curators inspecting embroidered artifacts in a display case"
"project-la-fortuna-bordada","6","../images/la-fortuna-bordada-exhibition-wall-embroidered-panels-letsuan-design.jpg","La Fortuna Bordada exhibition wall of embroidered panels"
"project-la-fortuna-bordada","7","../images/la-fortuna-bordada-wall-framed-rank-badge-embroidery-letsuan-design.jpg","La Fortuna Bordada wall of framed rank badge embroidery with wall text"
"project-led-kinetic","0","../images/universe-led-kinetic-light-01-letsuan-design.jpg","Universe LED kinetic light installation"
"project-led-kinetic","1","../images/universe-led-kinetic-light-02-letsuan-design.jpg","Universe kinetic light closeup"
"project-marine-illusion","0","../images/marine-illusion-visitors-exploring-the-masters-of-marine-letsuan-design.jpg","Seeing is Believing? — Masters of Marine Illusion exhibition panorama with visitors viewing aquarium tanks"
"project-marine-illusion","1","../images/marine-illusion-masters-of-marine-illusion-octopus-mural-letsuan-design.jpg","Masters of Marine Illusion octopus mural entrance wall"
"project-marine-illusion","2","../images/marine-illusion-masters-of-marine-illusion-visitor-letsuan-design.jpg","Masters of Marine Illusion visitor interacting with Ocean Mimic Master game"
"project-marine-illusion","3","../images/marine-illusion-masters-of-marine-illusion-visitor-viewing-letsuan-design.jpg","Masters of Marine Illusion visitor viewing tiered aquarium display"
"project-marine-illusion","4","../images/marine-illusion-masters-of-marine-illusion-display-case-letsuan-design.jpg","Masters of Marine Illusion display case detail"
"project-marine-illusion","5","../images/marine-illusion-masters-of-marine-illusion-thin-wall-lining-letsuan-design.jpg","Masters of Marine Illusion thin-wall lining installation in progress"
"project-marine-illusion","6","../images/marine-illusion-masters-of-marine-illusion-aquarium-tank-letsuan-design.jpg","Masters of Marine Illusion aquarium tank installation detail"
"project-missing-scientist","0","../images/missing-scientist-visitor-viewing-curved-gallery-wall-letsuan-design.jpg","The Missing Scientist — Visitor viewing curved gallery wall with electromagnetic theory graphics and illuminated display column"
"project-missing-scientist","1","../images/missing-scientist-magnetic-levitation-display-case-letsuan-design.jpg","Electromagnetic Horizon II magnetic levitation display case"
"project-missing-scientist","2","../images/missing-scientist-interactive-display-station-letsuan-design.jpg","Visitors looking at an interactive electrical grid model display station"
"project-missing-scientist","3","../images/missing-scientist-kinetic-exercise-game-area-letsuan-design.jpg","Electromagnetic Horizon II kinetic exercise game area"
"project-missing-scientist","4","../images/missing-scientist-solar-energy-display-letsuan-design.jpg","Electromagnetic Horizon II solar energy display"
"project-missing-scientist","5","../images/missing-scientist-overhead-lighting-av-rigging-grid-letsuan-design.jpg","Overhead lighting and AV rigging grid with projectors mounted above the exhibition space"
"project-mobile-museum","0","../images/mobile-museum-exhibition-01-letsuan-design.jpg","8.5 ping: A Museum on Wheels — Mobile Museum vehicle"
"project-mobile-museum","1","../images/mobile-museum-exhibition-02-letsuan-design.jpg","Mobile Museum exhibit"
"project-mobile-museum","2","../images/mobile-museum-green-glazed-pottery-ox-artifact-display-case-letsuan-design.jpg","Green-glazed pottery ox artifact displayed in a glass case at the mobile museum exhibition"
"project-mobile-museum","3","../images/mobile-museum-girl-tangram-puzzle-zoo-letsuan-design.jpg","Girl assembling pink tangram pieces into a fish shape at the Puzzle Zoo station"
"project-mobile-museum","4","../images/mobile-museum-exhibition-03-letsuan-design.jpg","Mobile Museum interior"
"project-mobile-museum","5","../images/mobile-museum-children-writing-pictographs-water-reveal-paper-letsuan-design.jpg","Children dipping a hand in water to write pictographic characters on color-changing paper at the Words in the Making station"
"project-mobile-museum","6","../images/mobile-museum-hallway-father-daughter-letsuan-design.jpg","Family in the mobile museum hallway, a father carrying his daughter past the green Puzzle Zoo station"
"project-nmh-highlights","0","../images/nmh-collection-highlights-distant-hallway-letsuan-design.jpg","Visitor walking down a warm-lit minimalist gallery corridor lined with illuminated display niches"
"project-nmh-highlights","1","../images/nmh-collection-highlights-06-letsuan-design.png","Highlights of NMH — Visitor walking past illuminated glass display niches holding ceramic and bronze pieces"
"project-nmh-highlights","2","../images/nmh-collection-highlights-01-letsuan-design.png","Painted pottery horses and figures in a glass case beside an interactive touchscreen kiosk"
"project-nmh-highlights","3","../images/nmh-collection-highlights-bronze-case-letsuan-design.jpg","Bronze ritual vessels displayed in a low-reflection glass case"
"project-nmh-highlights","4","../images/nmh-collection-highlights-03-letsuan-design.jpg","Visitors photographing bronze and ceramic vessels along a curved gallery of low display cases"
"project-nmh-highlights","5","../images/nmh-collection-highlights-04-letsuan-design.jpg","Painted pottery equestrian and seated figures in an angled glass display case"
"project-nmh-highlights","6","../images/nmh-collection-highlights-05-letsuan-design.jpg","Painted pottery figures and a horse on tiered platforms inside a freestanding glass case"
"project-nmh-highlights","7","../images/nmh-collection-highlights-02-letsuan-design.jpg","Bronze ritual vessel in a freestanding illuminated case at a gallery corner, with further displays beyond"
"project-nmns-teldap","0","../images/nmns-teldap-digital-archives-01-letsuan-design.jpg","NMNS TELDAP exhibit space"
"project-nmns-teldap","1","../images/nmns-teldap-digital-archives-03-letsuan-design.jpg","NMNS TELDAP interactive learning"
"project-nmns-teldap","2","../images/nmns-teldap-digital-archives-02-letsuan-design.jpg","NMNS TELDAP display"
"project-notre-dame","0","../images/notre-dame-vr-group-letsuan-design.jpg","Eternal Notre-Dame — Four visitors wearing VR headsets and backpacks standing in front of a bold black-and-white graphic mural"
"project-notre-dame","1","../images/notre-dame-headsets-array-letsuan-design.jpg","Rows of VR headsets lined up backstage ready for visitors"
"project-notre-dame","2","../images/notre-dame-vr-users-letsuan-design.jpg","Staff adjusting a visitor's VR headset strap while other visitors wear headsets nearby"
"project-notre-dame","3","../images/notre-dame-rooftop-vr-letsuan-design.jpg","VR scene showing visitors virtually kneeling on Notre-Dame cathedral's rooftop overlooking the Paris skyline"
"project-notre-dame","4","../images/eternal-notre-dame-vr-exhibition-2023-letsuan-design.jpg","Visitors wearing VR headsets standing on a patterned floor beneath a bold black-and-white graphic mural"
"project-notre-dame","5","../images/notre-dame-profile-line-letsuan-design.jpg","Three visitors in profile wearing VR headsets and backpacks against a black-and-white graphic mural"
"project-notre-dame","6","../images/notre-dame-construction-letsuan-design.jpg","Installation in progress: workers on scissor lifts painting the black-and-white graphic mural wall"
"project-notre-dame","7","../images/notre-dame-mural-install-letsuan-design.jpg","Installation in progress: crew painting the large geometric mural using scissor lifts and ladders"
"project-offshore-wind","0","../images/offshore-wind-om-learning-center-01-letsuan-design.jpg","Offshore Wind O&M Building — Meeting room with an Orsted 'Love your home' Earth mural on the wall behind a conference table"
"project-offshore-wind","1","../images/offshore-wind-07-letsuan-design.jpg","Corridor at the offshore wind exhibition with two visitors walking past a wall displaying Taiwan offshore wind farm capacity data in gigawatts"
"project-offshore-wind","2","../images/offshore-wind-om-learning-center-02-letsuan-design.jpg","Curved illustrated wall panels explaining offshore wind farm operations, from coastal installation process to turbine maintenance timeline"
"project-offshore-wind","3","../images/offshore-wind-visitor-viewing-turbine-technology-timeline-wall-letsuan-design.jpg","Visitor viewing offshore wind turbine technology timeline wall with video screen showing installation footage"
"project-offshore-wind","4","../images/offshore-wind-om-learning-center-03-letsuan-design.jpg","Curved exhibition corridor with a coastal wind farm installation diagram and video screens"
"project-offshore-wind","5","../images/offshore-wind-om-learning-center-07-letsuan-design.jpg","Visitor viewing a curved exhibition wall about marine ecology near offshore turbine foundations"
"project-offshore-wind","6","../images/offshore-wind-om-learning-center-06-letsuan-design.jpg","Entrance corridor with an Orsted Earth mural, a dotted wave-pattern doorway, and a wind farm photo mural"
"project-offshore-wind","7","../images/offshore-wind-om-learning-center-04-letsuan-design.jpg","Visitor flipping an interactive flip-tag panel explaining how wind turbines generate electricity"
"project-offshore-wind","8","../images/offshore-wind-om-learning-center-08-letsuan-design.jpg","Staircase beside a wall reading 'Let's create a world that runs entirely on green energy'"
"project-orsted-energy","0","../images/energy-taiwan-orsted-2022-01-letsuan-design.jpg","Ørsted potted plant giveaway with brand tote at Energy Taiwan 2022"
"project-orsted-energy","1","../images/energy-taiwan-orsted-2022-02-letsuan-design.jpg","Ørsted booth signage with technician on ladder at Energy Taiwan 2022"
"project-orsted-energy","2","../images/energy-taiwan-orsted-2022-03-letsuan-design.jpg","Visitor photographing Ørsted-branded ice cream at Energy Taiwan 2022"
"project-securities-office","0","../images/securities-company-office-design-02-letsuan-design.jpg","Securities Company Office waiting area"
"project-securities-office","1","../images/securities-company-office-design-01-letsuan-design.jpg","Securities Company Office entrance"
"project-securities-office","2","../images/securities-company-office-design-03-letsuan-design.jpg","Securities Company Office boardroom"
"project-securities-office","3","../images/securities-company-office-design-04-letsuan-design.jpg","Securities Company Office workstation"
"project-securities-office","4","../images/securities-company-office-design-05-letsuan-design.jpg","Securities Company Office corridor"
"project-securities-office","5","../images/securities-company-office-design-06-letsuan-design.jpg","Securities Company Office executive room"
"project-securities-office","6","../images/securities-company-office-design-07-letsuan-design.jpg","Securities Company Office feature wall"
"project-securities-office","7","../images/securities-company-office-design-08-letsuan-design.jpg","Securities Company Office reception view"
"project-securities-office","8","../images/securities-company-office-design-09-letsuan-design.jpg","Securities Company Office renovation in progress"
"project-securities-office","9","../images/securities-company-office-design-10-letsuan-design.jpg","Securities Company Office renovation detail, wall finishing"
"project-serialization-anniversary","0","../images/conan-anniv-conan-exhibit-exterior-keyhole-cube-letsuan-design.jpg","INCIDENT IN CONAN EXHIBIT — Conan Exhibit exterior keyhole cube installation"
"project-serialization-anniversary","1","../images/conan-anniv-conan-exhibit-ivy-covered-venue-signage-booth-letsuan-design.jpg","Conan Exhibit ivy-covered venue signage booth"
"project-serialization-anniversary","2","../images/conan-anniv-mouri-detective-agency-manga-panel-wall-letsuan-design.jpg","Mouri Detective Agency manga panel wall"
"project-serialization-anniversary","3","../images/conan-anniv-mouri-agency-vermouth-manga-collage-wall-letsuan-design.jpg","Manga panel collage wall featuring Vermouth and the Mouri Detective Agency storyline"
"project-serialization-anniversary","4","../images/conan-anniv-yellow-character-wall-visitor-viewing-letsuan-design.jpg","Visitor viewing a yellow character-introduction wall covered in manga cutout portraits"
"project-serialization-anniversary","5","../images/conan-anniv-conan-the-love-story-zone-letsuan-design.jpg","Conan the LOVE STORY zone with manga panels"
"project-serialization-anniversary","6","../images/conan-anniv-kaito-kid-pre-installation-photo-letsuan-design.jpg","Photo of the Kaito Kid figure taken before installation, in preparation for fixing it onto the rooftop platform"
"project-serialization-anniversary","7","../images/conan-anniv-kaito-kid-moonlit-rooftop-diorama-letsuan-design.jpg","Life-size Kaito Kid and Conan figures on a moonlit rooftop diorama with city skyline backdrop"
"project-serialization-anniversary","8","../images/conan-anniv-life-size-figures-of-conans-supporting-cast-letsuan-design.jpg","Life-size figures of Conan's supporting cast"
"project-serialization-anniversary","9","../images/conan-anniv-shinichi-ran-figures-cherry-blossom-scene-letsuan-design.jpg","Life-size figures of Shinichi and Ran standing together beneath a cherry blossom backdrop"
"project-serialization-anniversary","10","../images/conan-anniv-cherry-blossom-scene-with-life-size-figures-letsuan-design.jpg","Cherry blossom scene with life-size figures"
"project-serialization-anniversary","11","../images/conan-anniv-zero-penetration-set-wall-construction-in-letsuan-design.jpg","Zero-penetration set wall construction in progress"
"project-serialization-anniversary","12","../images/conan-anniv-fabrication-workshop-building-the-exhibition-letsuan-design.jpg","Fabrication workshop building the exhibition set walls"
"project-serialization-anniversary","13","../images/conan-anniv-le-tsuan-design-workshop-panel-fabrication-letsuan-design.jpg","Le Tsuan Design workshop panel fabrication"
"project-story-telling","0","../images/ancient-people-storytelling-exhibition-01-letsuan-design.jpg","Five Thousand Years of Silence — Story Telling by the Ancient People entrance"
"project-story-telling","1","../images/ancient-people-storytelling-exhibition-02-letsuan-design.jpg","Story Telling by the Ancient People gallery"
"project-story-telling","2","../images/ancient-people-storytelling-curved-gallery-with-visitors-display-cases-letsuan-design.jpg","Visitors viewing archaeological artifact display cases in curved gallery with agricultural specimen wall and landscape backdrop"
"project-story-telling","3","../images/ancient-people-storytelling-exhibition-04-letsuan-design.jpg","Story Telling by the Ancient People fossils"
"project-story-telling","4","../images/ancient-people-storytelling-exhibition-051-letsuan-design.jpg","Story Telling by the Ancient People skeletons"
"project-story-telling","5","../images/ancient-people-storytelling-exhibition-06-letsuan-design.jpg","Story Telling by the Ancient People burial goods"
"project-story-telling","6","../images/ancient-people-storytelling-exhibition-07-letsuan-design.jpg","Story Telling by the Ancient People fossil layer"
"project-story-telling","7","../images/ancient-people-storytelling-exhibition-08-letsuan-design.jpg","Story Telling by the Ancient People artifact"
"project-story-telling","8","../images/ancient-people-storytelling-exhibition-09-letsuan-design.jpg","Story Telling by the Ancient People closing scene"
"project-tccge-deck","0","../images/tccge-observation-deck-zhangbin-01-letsuan-design.jpg","Green Energy Education Observation Platform — TCCGE Observation Deck platform"
"project-tccge-deck","1","../images/tccge-observation-deck-zhangbin-03-letsuan-design.jpg","TCCGE Observation Deck wind education"
"project-tccge-deck","2","../images/tccge-observation-deck-zhangbin-02-letsuan-design.jpg","TCCGE Observation Deck interactive teaching aid"
"project-tccge-deck","3","../images/tccge-observation-deck-zhangbin-04-letsuan-design.jpg","TCCGE Observation Deck solar display"
"project-tccge-deck","4","../images/tccge-observation-deck-zhangbin-05-letsuan-design.jpg","TCCGE Observation Deck combined exhibit"
"project-tccge-deck","5","../images/tccge-observation-deck-zhangbin-06-letsuan-design.jpg","TCCGE Observation Deck sunset closing view"
"project-tccge-deck","6","../images/tccge-observation-deck-zhangbin-07-letsuan-design.jpg","TCCGE Observation Deck rooftop garden with wind turbine display"
"project-tibetan-thangka","0","../images/tibetan-thangka-visitor-viewing-scroll-row-white-gallery-letsuan-design.jpg","Traveling Temple — Visitor viewing a row of hanging Tibetan thangka scrolls along the white gallery wall"
"project-tibetan-thangka","1","../images/tibetan-thangka-art-exhibition-01-letsuan-design.jpg","Framed Tibetan thangka paintings hung along the exhibition corridor at Cai Yu Art Gallery"
"project-tibetan-thangka","2","../images/tibetan-thangka-art-exhibition-02-letsuan-design.jpg","Large horizontal thangka mural depicting an assembly of Buddhist deities, mounted in the gallery corridor"
"project-tibetan-thangka","3","../images/tibetan-thangka-art-exhibition-03-letsuan-design.jpg","Installation team hanging thangka pieces from the overhead suspension track during construction"
"project-tibetan-thangka","4","../images/tibetan-thangka-art-exhibition-04-letsuan-design.jpg","Construction progress: the team reviews the corridor layout, assembles display panels, and secures a thangka frame with a drill"
"project-tibetan-thangka","5","../images/tibetan-thangka-art-exhibition-05-letsuan-design.jpg","Finished gallery corridor with large thangka murals on display, visitors viewing in the background"
"project-tibetan-thangka","6","../images/tibetan-thangka-art-exhibition-06-letsuan-design.jpg","Documentary photographs of Rebgong thangka artists and residents, including a mother and child and an artist painting a thangka"
"project-tokyo-ghost-hospital","0","../images/tokyo-ghost-hospital-exhibition-08-letsuan-design.jpg","Two eras, one immersive scare in the dark — Tokyo Ghost Hospital effect"
"project-tokyo-ghost-hospital","1","../images/tokyo-ghost-hospital-exhibition-01-letsuan-design.jpg","Tokyo Ghost Hospital entrance"
"project-tokyo-ghost-hospital","2","../images/tokyo-ghost-hospital-exhibition-03-letsuan-design.jpg","Tokyo Ghost Hospital scene"
"project-tokyo-ghost-hospital","3","../images/tokyo-ghost-hospital-exhibition-11-letsuan-design.jpg","Tokyo Ghost Hospital passageway"
"project-tokyo-ghost-hospital","4","../images/tokyo-ghost-hospital-exhibition-04-letsuan-design.jpg","Tokyo Ghost Hospital room"
"project-tokyo-ghost-hospital","5","../images/tokyo-ghost-hospital-exhibition-05-letsuan-design.jpg","Tokyo Ghost Hospital corridor"
"project-tokyo-ghost-hospital","6","../images/tokyo-ghost-hospital-exhibition-02-letsuan-design.jpg","Tokyo Ghost Hospital hallway"
"project-tokyo-ghost-hospital","7","../images/tokyo-ghost-hospital-exhibition-06-letsuan-design.jpg","Tokyo Ghost Hospital set-piece detail"
"project-tokyo-ghost-hospital","8","../images/tokyo-ghost-hospital-exhibition-12-letsuan-design.jpg","Tokyo Ghost Hospital finale"
"project-tokyo-ghost-hospital","9","../images/tokyo-ghost-hospital-exhibition-13-letsuan-design.jpg","Tokyo Ghost Hospital closing scene"
"project-tokyo-ghost-hospital","10","../images/tokyo-ghost-hospital-entrance-queue-with-horror-signage-letsuan-design.jpg","Queue entrance with Tokyo Ghost Hospital signage, stone archway and horror-themed wall graphics"
"project-tokyo-ghost-hospital","11","../images/tokyo-ghost-hospital-exhibition-07-letsuan-design.jpg","Tokyo Ghost Hospital installation"
"project-tokyo-ghost-hospital","12","../images/tokyo-ghost-hospital-exhibition-8810-letsuan-design.jpg","Tokyo Ghost Hospital scene 2"
"project-tokyo-ghost-hospital","13","../images/tokyo-ghost-hospital-exhibition-909-letsuan-design.jpg","Tokyo Ghost Hospital display"
"project-wang-ye-donggang","0","../images/wang-ye-worship-donggang-01-letsuan-design.jpg","The Hunt of the Celestial Court — Wang Ye Worship in Donggang exhibition"
"project-wang-ye-donggang","1","../images/wang-ye-worship-donggang-02-letsuan-design.png","Wang Ye Worship exhibition layout"
"project-wang-ye-donggang","2","../images/wang-ye-worship-donggang-03-letsuan-design.jpg","Wang Ye Worship exhibition carvings"
"project-wang-ye-donggang","3","../images/wang-ye-worship-donggang-04-letsuan-design.jpg","Wang Ye Worship exhibition boat"
"project-wang-ye-donggang","4","../images/wang-ye-worship-donggang-05-letsuan-design.jpg","Wang Ye Worship exhibition deity altar"
"project-westernmost-point","0","../images/westernmost-point-friends-polaroid-photo-letsuan-design.jpg","Polaroid-style photo of three friends posing at The Westernmost Point of Taiwan sculpture, dated 2022/6/9"
"project-westernmost-point","1","../images/westernmost-point-taiwan-04-letsuan-design.jpg","Westernmost Point of Taiwan silhouette"
"project-westernmost-point","2","../images/westernmost-point-taiwan-07-letsuan-design.jpg","Westernmost Point of Taiwan paper-cutting installation in progress"
"project-westernmost-point","3","../images/westernmost-point-taiwan-02-letsuan-design.jpg","Westernmost Point of Taiwan tunnel"
"project-westernmost-point","4","../images/westernmost-point-taiwan-03-letsuan-design.jpg","Westernmost Point of Taiwan pattern"
"project-westernmost-point","5","../images/westernmost-point-taiwan-05-letsuan-design.jpg","Westernmost Point of Taiwan night view"
"project-westernmost-point","6","../images/westernmost-point-taiwan-06-letsuan-design.jpg","Westernmost Point of Taiwan structure"
"project-westernmost-point","7","../images/westernmost-point-taiwan-08-letsuan-design.jpg","Westernmost Point of Taiwan structural framework detail"
"project-westernmost-point","8","../images/westernmost-point-taiwan-09-letsuan-design.jpg","Westernmost Point of Taiwan final view"
"project-world-semiconductors","0","../images/world-of-semiconductors-01-letsuan-design.jpg","The World of Semiconductors overview"
"project-world-semiconductors","1","../images/world-of-semiconductors-02-letsuan-design.jpg","The World of Semiconductors gallery"
"project-world-semiconductors","2","../images/world-of-semiconductors-03-letsuan-design.jpg","The World of Semiconductors exhibit detail"
"project-world-semiconductors","3","../images/world-of-semiconductors-04-letsuan-design.jpg","The World of Semiconductors gallery entrance with mascot wall graphics, ready for the donation ceremony"
"project-yokai-world","0","../images/yokai-world-exhibition-hero-letsuan-design.jpg","Experience the Yokai World — Yokai exhibition entrance"
"project-yokai-world","1","../images/yokai-world-exhibition-03-letsuan-design.jpg","Yokai exhibition zone"
"project-yokai-world","2","../images/yokai-world-exhibition-05-letsuan-design.jpg","Yokai exhibition habitat"
"project-yokai-world","3","../images/yokai-world-exhibition-13-letsuan-design.jpg","Corridor lined with framed illustrated yokai story panels mounted on warm wood-trimmed walls"
"project-yokai-world","4","../images/yokai-world-exhibition-003-letsuan-design.jpg","Yokai exhibition welcome installation"
"project-yokai-world","5","../images/yokai-world-exhibition-07-letsuan-design.jpg","Yokai exhibition interactive corner"
"project-yokai-world","6","../images/yokai-world-exhibition-005-letsuan-design.jpg","Yokai exhibition maze zone"
"project-yokai-world","7","../images/yokai-world-exhibition-11-letsuan-design.jpg","Yokai gathering photo wall"
"project-yokai-world","8","../images/yokai-world-exhibition-12-letsuan-design.jpg","Yellow character-introduction wall panel featuring GeGeGe no Kitaro yokai characters and a 100th anniversary plaque"
"project-yokai-world","9","../images/yokai-world-exhibition-91-letsuan-design.jpg","Yokai illustrated mural wall"
"project-yokai-world","10","../images/yokai-world-exhibition-04-letsuan-design-f779cada.jpg","Yokai exhibition construction"
